recordIdentifier,rc,ticker,crncy,securityTyp,name,lastUpdateDt,idBbCompany,pricingSource,pxLast,chgPct1D,chgPct3D,chgPct5D,chgPct1M,chgPct3M,chgPct6M,chgPctYtd,chgPctMovAvg5D,chgPctMovAvg20D,chgPctMovAvg50D,chgPctMovAvg100D,waccNetOperProfit,eqyRawBeta6M,volatility10D,volatility30D,volatility180D,volatility360D,lqaLiquidationConfidence,lqaLiquidityScore,lqaMarketRiskFlag,bdvdNextProjAct,bdvdProjDivAmt,returnComEqy,retrnOnCommnEqtyAdjstd,returnOnInvCapital,waccTotalInvCapital,bestPeRatio,bestTargetPrice,degreeFinancialLeverage,degreeOperatingLeverage,ebitda,ebitdaToRevenue,currentEvToT12mEbitda,netIncome,cfNetInc,cfFreeCashFlow,freeCashFlowEquity,freeCashFlowMargin,salesRevTurn,operMargin,freeCashFlowPerSh,esgLinkedBonus,industryGroup,curMktCap,dvdPayoutRatio,effTaxRate,totDebtToTotAsset,totDebtToComEqy
BBG000B9XRY4,0,AAPL,USD,Common Stock,APPLE INC,2022-01-26,101695,US,159.690000,-0.056,-1.675,-3.934,-9.411,6.945,7.182,-10.069,-1.977,-7.363,-5.408,1.009,108949.00,1.192,14.479,25.772,22.046,29.859,49.840,100,true,MAINTAIN,0.22,147.44,147.09,46.26,212685.00,27.825,178.598,1.02,1.94,121933.00,33.33,20.95,94680.00,94680.00,92953.00,105618.00,25.41,365817.00,29.78,5.57,false,Computers,2608435.70,15.26,13.30,38.89,216.39
BBG000BB5006,0,ADBE,USD,Common Stock,ADOBE INC,2022-01-26,101689,US,500.810000,-0.380,0.180,-3.053,-12.080,-22.053,-19.328,-11.683,-1.791,-5.708,-15.604,-18.036,5802.00,1.615,35.827,46.450,31.998,33.036,49.704,95,true,,,34.37,34.27,27.73,18460.00,36.283,661.857,1.02,1.63,6709.00,42.50,35.04,4822.00,4822.00,6882.00,6882.00,43.60,15785.00,36.76,14.43,true,Software,236232.08,0.0,15.48,17.15,31.58
BBG000PX9P13,0,ADDYY,USD,ADR,ADIDAS AG-SPONSORED ADR,2022-01-26,180001,US,136.450000,0.545,-3.535,-5.315,-4.091,-15.922,-26.043,-5.243,-3.216,-4.904,-6.649,-11.958,2074.00,0.922,17.321,20.440,25.139,28.621,49.833,85,true,,,29.00,7.86,12.10,13786.00,27.789,128.000,1.28,-4.47,1996.00,10.06,,432.00,432.00,974.00,1894.00,4.91,19844.00,3.78,,false,Apparel,52424.09,140.00,25.39,27.98,91.26
BBG000C23KJ3,0,AES,USD,Common Stock,AES CORP,2022-01-26,101690,US,22.420000,1.128,-2.309,-2.818,-4.798,-11.628,-6.583,-7.737,-1.813,-4.047,-6.035,-6.738,2800.00,0.879,25.861,26.235,24.507,29.475,49.800,97,true,MAINTAIN,0.158,24.35,37.38,6.34,27765.00,14.118,29.773,1.70,,3632.00,37.60,9.55,46.00,46.00,855.00,1377.00,8.85,9660.00,26.17,1.29,true,Electric,14947.72,896.98,44.26,58.58,670.15
BBG00Y6G6X31,0,AI,USD,Common Stock,C3.AI INC-A,2022-01-26,69314473,US,23.460000,-2.128,-7.819,-12.463,-31.504,-48.507,-54.447,-24.928,-8.367,-19.258,-29.427,-41.664,-134.60,1.916,39.321,67.947,64.966,116.188,49.615,85,true,,,,,-21.28,1031.76,,51.444,,0.93,-52.17,-28.47,,-55.70,-55.70,-39.18,417.70,-21.39,183.22,-32.89,-0.59,,Software,2464.18,,,0.98,1.11
BBG000BBPFB9,0,AMAT,USD,Common Stock,APPLIED MATERIALS INC,2022-01-26,102032,US,135.580000,1.948,0.385,-5.235,-12.805,2.712,-2.094,-13.841,-1.691,-10.886,-10.626,-5.982,6889.00,1.906,77.445,57.358,39.567,43.994,49.543,97,true,INCREASE,0.26,51.59,53.97,36.98,16813.00,16.518,175.035,1.04,1.70,7362.00,31.92,16.40,5888.00,5888.00,4774.00,4774.00,20.70,23063.00,29.87,5.25,true,Semiconductors,120464.63,14.45,13.04,22.28,46.97
BBG000BVPV84,0,AMZN,USD,Common Stock,AMAZON.COM INC,2022-01-26,216952,US,2777.450000,-0.795,-2.643,-11.149,-18.821,-17.731,-24.930,-16.702,-5.547,-13.550,-17.715,-17.902,28318.00,1.275,35.572,30.574,25.317,28.510,49.755,97,true,,,25.83,27.41,11.14,250092.00,49.950,4121.979,1.08,1.53,53169.00,13.77,21.78,21331.00,21331.00,25924.00,29969.00,6.71,386064.00,5.93,51.85,false,Internet,1408577.16,0.0,11.84,31.29,107.60
BBG007FJMV58,0,ARKK,USD,ETP,ARK INNOVATION ETF,2022-01-26,42981241,US,69.030000,-2.500,-3.482,-8.871,-29.747,-42.575,-42.764,-27.022,-6.077,-18.141,-27.269,-34.802,,,47.393,50.742,36.770,40.928,49.632,100,true,CUT,0.000021,,,,,,,,,,,,,,,,,,,,,,11942.19,,,,
BBG000N8K8B4,0,ATRS,USD,Common Stock,ANTARES PHARMA INC,2022-01-26,196127,US,3.250000,-1.813,-0.612,-4.971,-8.708,-8.964,-26.304,-8.964,-3.043,-6.381,-4.580,-8.184,23.39,1.021,39.413,32.668,36.255,41.400,49.750,66,true,,,63.08,64.74,48.94,167.68,27.542,6.333,1.39,61.26,18.42,12.31,17.46,56.20,56.20,11.71,11.99,7.82,149.60,9.10,0.07,false,Pharmaceuticals,552.64,0.0,,22.08,39.39
BBG000R4Y9C1,0,AVLR,USD,Common Stock,AVALARA INC,2022-01-26,13059592,US,99.560000,0.060,1.148,-4.196,-25.551,-44.367,-41.019,-22.887,-2.589,-13.039,-24.220,-35.606,-98.94,1.587,74.746,58.795,42.117,46.839,49.504,82,true,,,-9.63,-6.29,-5.80,2061.47,,205.083,,,-30.50,-6.09,,-49.18,-49.18,33.96,39.70,6.78,500.57,-12.38,0.42,false,Software,8653.35,,,4.24,6.29
BBG006G2JVL2,0,BABA,USD,ADR,ALIBABA GROUP HOLDING-SP ADR,2022-01-26,16857643,US,113.370000,-4.843,-8.001,-11.249,-4.458,-33.308,-40.879,-4.563,-8.795,-9.201,-11.816,-21.924,101194.00,0.846,44.213,59.231,48.041,45.423,49.557,99,true,,,13.67,8.94,5.00,1282696.00,13.030,191.549,1.05,,144399.00,20.13,9.79,150578.00,150578.00,188601.00,219520.00,26.29,717289.00,12.50,69.80,false,Internet,307336.28,0.0,17.68,10.73,19.35
BBG000C9KL89,0,BAM,USD,Common Stock,BROOKFIELD ASSET MANAGE-CL A,2022-01-26,239643,US,52.730000,-2.080,-1.236,-4.110,-12.029,-13.924,4.024,-12.670,-2.612,-8.441,-9.100,-8.601,10894.00,1.283,20.233,28.296,25.225,28.732,49.793,98,true,MAINTAIN,0.13,9.83,2.78,3.13,308071.00,16.624,66.560,4.19,-0.86,15265.00,24.33,19.05,-134.00,-134.00,4329.00,8671.00,6.90,62752.00,15.10,2.86,false,Private Equity,82669.36,,54.21,46.65,505.86
BBG000SN4NJ3,0,BDORY,USD,ADR,BANCO DO BRASIL SA-SPON ADR,2022-01-26,159760,US,5.800000,-2.192,1.567,0.870,12.994,9.434,-6.752,12.621,0.658,8.537,6.993,6.358,37366.69,0.332,33.302,29.380,36.971,39.436,49.802,68,true,,,13.28,11.11,3.28,376299.93,4.349,,,,,,,12697.39,12697.39,158444.21,145678.80,176.25,156375.29,12.37,,false,Banks,16619.42,33.05,,46.75,647.64
BBG005NJY3N2,0,CBAY,USD,Common Stock,CYMABAY THERAPEUTICS INC,2022-01-26,37669267,US,2.860000,-2.721,-1.038,-2.389,-18.519,-24.934,-28.500,-15.385,-1.651,-10.134,-16.947,-22.740,-79.47,0.648,53.840,61.441,52.351,54.120,49.564,49,true,,,-65.00,-31.33,-63.99,88.45,,11.556,,,-51.97,,,-50.99,-50.99,-44.75,-44.75,,0.0,,-0.65,false,Biotechnology,242.15,,,1.13,1.22
BBG000BN2DC2,0,CRM,USD,Common Stock,SALESFORCE.COM INC,2022-01-26,1084605,US,211.000000,-2.038,-3.490,-6.749,-16.647,-28.501,-14.782,-16.972,-4.634,-10.265,-18.359,-21.740,917.00,1.524,32.457,37.604,31.529,37.945,49.683,97,true,,,3.57,9.27,1.47,71392.00,51.065,327.250,1.38,2.19,4509.00,21.22,39.67,4072.00,4072.00,4091.00,5118.00,19.25,21252.00,2.14,4.51,false,Software,207835.00,0.0,,9.67,15.45
BBG00YPGPCF2,0,CSAN,USD,ADR,COSAN SA -ADR,2022-01-26,9138536,US,16.420000,2.114,2.305,1.358,11.096,11.021,-20.484,4.786,1.975,8.069,7.555,3.885,3690.51,0.605,40.470,43.531,41.199,45.691,49.623,59,true,,,44.04,8.03,6.42,76030.58,72.119,18.950,1.81,-69.45,2453.60,18.16,,851.86,851.86,1101.43,782.05,8.15,13508.79,13.55,,false,Oil&Gas,7693.06,23.75,22.10,43.36,142.95
BBG000J0NWV8,0,CZMWY,USD,ADR,CARL ZEISS MEDIT-UNSPON ADR,2022-01-26,815796,US,156.950000,1.665,-2.871,-2.856,-23.383,-22.012,-29.046,-25.967,-0.922,-15.380,-19.285,-22.547,373.61,0.878,53.912,49.807,46.605,44.987,49.588,36,true,,,15.29,15.58,15.00,1926.22,,,1.02,4.74,435.20,26.43,,236.28,236.28,332.54,315.64,20.19,1646.79,22.69,,false,Healthcare-Products,14037.70,34.07,29.95,10.55,15.23
BBG00MVW5W00,0,DAX,USD,ETP,GLOBAL X DAX GERMANY ETF,2022-01-26,62120007,US,30.960100,0.503,-1.464,-3.436,-4.210,-6.394,-7.334,-4.252,-1.506,-3.889,-3.621,-4.748,,0.669,13.494,14.187,14.631,18.323,49.886,93,true,INCREASE,0.834309,,,,,,,,,,,,,,,,,,,,,,38.08,,,,
BBG000Q09FR8,0,DBOEY,USD,ADR,DEUTSCHE BOERSE AG-UNSPN ADR,2022-01-26,304968,US,17.330000,-1.366,-5.559,-2.968,5.414,3.401,1.227,4.335,-3.936,1.088,5.111,3.994,1620.90,0.382,30.594,20.130,18.593,21.403,49.832,76,true,,,18.23,19.75,,7265.90,,,1.03,1.09,1850.80,58.32,,1079.90,1079.90,1350.90,1646.10,42.57,3173.30,50.00,,true,Diversified Finan Serv,32927.00,50.98,26.38,2.31,57.16
BBG000N7KJX8,0,DOCU,USD,Common Stock,DOCUSIGN INC,2022-01-26,16546910,US,114.330000,-2.946,-1.550,-9.969,-27.183,-59.252,-62.609,-24.936,-5.853,-17.156,-34.084,-48.599,-61.47,1.852,56.751,54.735,81.578,72.174,49.577,91,true,,,-33.64,-48.23,-7.17,1141.37,56.154,201.556,,0.21,-68.73,-4.73,811.73,-243.27,-243.27,214.56,473.88,14.77,1453.05,-11.96,1.16,false,Software,22623.22,,,39.19,281.13
BBG00KLHY7D7,0,DRIV,USD,ETP,GLOBAL X AUTONOMOUS&ELEC-ETF,2022-01-26,60082418,US,27.600000,0.145,-2.577,-6.788,-8.891,-6.294,-1.480,-9.597,-3.348,-8.737,-9.368,-6.976,,1.045,19.326,25.612,20.381,23.659,49.829,98,true,,,,,,,,,,,,,,,,,,,,,,,,1350.74,,,,
BBG000BFX694,0,DVAX,USD,Common Stock,DYNAVAX TECHNOLOGIES CORP,2022-01-26,917088,US,12.350000,-1.984,-3.966,-2.985,-12.721,-35.610,33.082,-12.225,-3.425,-8.352,-14.365,-23.235,41.87,1.308,50.950,62.949,76.525,93.156,49.517,77,true,,,-56.31,-241.05,10.36,325.62,5.867,30.250,,1.53,-55.33,-118.86,23.82,-75.24,-75.24,-96.32,-89.47,-206.92,46.55,-146.87,-0.96,false,Biotechnology,1481.41,,,61.67,371.16
BBG000BP0KQ8,0,EA,USD,Common Stock,ELECTRONIC ARTS INC,2022-01-26,103678,US,129.980000,-0.786,-6.496,-5.062,-1.931,-8.722,-10.513,-1.456,-4.568,-2.540,-0.840,-3.684,1088.00,0.187,32.938,27.160,25.299,26.912,49.764,96,true,MAINTAIN,0.17,9.85,11.29,10.64,7980.00,17.960,169.630,1.04,,1314.00,23.34,26.59,837.00,837.00,1810.00,2688.00,32.15,5629.00,18.58,6.26,false,Software,36759.40,11.71,17.70,16.21,27.47
BBG000DWJZM2,0,EBIX,USD,Common Stock,EBIX INC,2022-01-26,103388,US,29.530000,-1.567,-0.706,-3.905,-4.217,-7.021,-2.958,-2.862,-2.076,-4.523,-6.730,-4.437,114.33,2.310,87.888,75.333,53.405,83.760,49.329,51,true,MAINTAIN,0.075,11.76,18.04,8.08,1323.78,,75.000,1.34,,152.28,24.34,10.91,92.38,92.38,95.02,75.19,15.19,625.61,20.11,3.11,false,Software,913.76,9.91,5.66,46.19,118.30
BBG000FKJRC5,0,EL,USD,Common Stock,ESTEE LAUDER COMPANIES-CL A,2022-01-26,179046,US,292.570000,-0.557,-1.498,-5.476,-20.061,-11.624,-12.225,-20.970,-2.710,-13.658,-15.357,-12.684,2850.00,1.391,28.775,35.876,25.376,27.113,49.733,94,true,MAINTAIN,0.6,57.70,46.94,16.96,14989.00,38.274,373.038,1.07,24.70,3739.00,23.06,31.25,2870.00,2870.00,2994.00,2387.00,18.46,16215.00,16.15,8.25,false,Cosmetics/Personal Care,105309.81,26.38,13.69,36.94,134.01
BBG00DB0LJG6,0,ESG,USD,ETP,FLEXSHARES STOXX US ESG SELE,2022-01-26,50096638,US,106.374500,-0.417,-1.368,-4.037,-7.805,-4.929,-1.760,-8.426,-2.033,-6.361,-6.515,-4.813,,1.000,11.197,16.591,12.721,15.201,49.898,98,true,INCREASE,0.388499,,,,,,,,,,,,,,,,,,,,,,188.81,,,,
BBG00FFPFT13,0,ESGU,USD,ETP,ISHARES ESG AWARE MSCI USA,2022-01-26,51799650,US,97.470000,-0.449,-1.316,-4.282,-8.881,-6.861,-3.923,-9.666,-2.241,-7.008,-7.628,-6.421,,0.999,13.222,16.865,13.094,15.199,49.893,100,true,INCREASE,0.334368,,,,,,,,,,,,,,,,,,,,,,23358.69,,,,
BBG00M0P2RX7,0,ESGV,USD,ETP,VANGUARD ESG US STOCK ETF,2022-01-26,61034167,US,78.200000,-0.306,-1.375,-4.553,-10.393,-8.000,-5.005,-11.025,-2.353,-7.723,-8.783,-7.648,,1.005,15.397,18.526,13.645,15.795,49.883,99,true,,,,,,,,,,,,,,,,,,,,,,,,5900.19,,,,
BBG000BK2V65,0,EWI,USD,ETP,ISHARES MSCI ITALY ETF,2022-01-26,7014659,US,31.870000,0.950,-1.666,-3.570,-1.878,-5.177,-1.484,-2.865,-1.563,-3.475,-2.459,-2.727,,0.673,12.047,14.466,16.194,18.667,49.902,100,true,INCREASE,0.841292,,,,,,,,,,,,,,,,,,,,,,664.49,,,,
BBG000BK4FC1,0,EWN,USD,ETP,ISHARES MSCI NETHERLANDS ETF,2022-01-26,7014705,US,45.270000,0.266,-3.517,-5.134,-9.005,-13.143,-8.490,-9.857,-3.133,-7.279,-8.493,-10.573,,0.673,16.641,20.537,17.099,18.933,49.857,99,true,INCREASE,0.605307,,,,,,,,,,,,,,,,,,,,,,393.85,,,,
BBG000TYHFH3,0,FGD,USD,ETP,FIRST TRUST DJ GL SEL DVD,2022-01-26,13765862,US,25.500000,-0.546,-1.163,-2.839,1.878,-1.677,-1.174,1.513,-1.381,-1.072,0.497,0.007,,0.880,7.687,10.958,12.329,16.087,49.916,97,true,CUT,0.221613,,,,,,,,,,,,,,,,,,,,,,538.05,,,,
BBG000DW76Y6,0,FICO,USD,Common Stock,FAIR ISAAC CORP,2022-01-26,103869,US,417.290000,0.125,-2.281,-4.902,-4.093,1.575,-22.715,-3.777,-3.092,-4.589,2.172,1.482,505.49,0.861,37.405,32.865,28.264,32.912,49.710,86,true,,,,,33.51,1227.97,28.025,561.167,1.09,41.71,550.63,41.82,22.20,392.08,392.08,416.25,986.50,31.62,1316.54,38.40,14.49,false,Software,11115.89,0.0,17.13,85.14,
BBG0027F2B89,0,GMRE,USD,REIT,GLOBAL MEDICAL REIT INC,2022-01-26,28243599,US,16.450000,-1.615,-1.732,-3.914,-4.082,-0.182,5.381,-7.324,-2.060,-5.652,-3.161,0.449,15.45,0.631,15.930,20.962,21.142,26.530,49.846,85,true,INCREASE,0.21,2.07,-2.15,3.37,1146.02,46.733,18.875,,,53.14,56.69,20.51,-1.93,-1.93,-184.27,-0.75,-196.59,93.73,17.26,-3.98,false,REITS,1056.22,,,47.65,142.87
BBG009S39JX6,0,GOOGL,USD,Common Stock,ALPHABET INC-CL A,2022-01-26,46946968,US,2584.660000,1.810,-0.858,-4.354,-12.036,-7.233,-3.583,-10.783,-1.576,-6.917,-9.568,-9.179,72480.00,1.233,26.443,25.340,21.780,26.412,49.809,96,true,,,30.87,16.72,23.09,278953.00,21.553,3361.911,1.00,1.60,57188.00,31.33,18.47,40269.00,40269.00,42843.00,52504.00,23.47,182527.00,22.59,62.93,false,Internet,1715651.89,0.0,16.25,8.38,12.03
BBG000BKZB36,0,HD,USD,Common Stock,HOME DEPOT INC,2022-01-26,100743,US,357.280000,-0.474,2.343,-0.670,-10.021,-3.229,7.881,-13.911,0.294,-7.685,-9.735,-3.787,22298.00,0.874,36.380,28.062,20.574,21.699,49.774,98,true,INCREASE,1.7,1240.31,,37.96,46488.00,22.451,413.129,1.08,0.77,21566.00,16.32,16.35,12866.00,12866.00,16376.00,20463.00,12.40,132110.00,13.84,15.25,false,Retail,373085.77,50.09,24.22,61.61,1318.22
BBG000J7Q1L9,0,HLX,USD,Common Stock,HELIX ENERGY SOLUTIONS GROUP,2022-01-26,194556,US,3.610000,-1.096,8.735,2.266,6.805,-12.379,-21.692,15.705,4.095,4.320,6.830,-1.843,-20.98,1.873,63.652,63.336,60.324,68.299,49.534,58,true,,,-1.86,1.21,-0.82,2096.22,,4.685,-0.80,-33.12,210.19,28.65,3.46,22.17,22.17,78.56,39.33,10.71,733.55,1.78,0.53,false,Oil&Gas Services,544.71,0.0,,20.10,28.85
BBG000DSQ7R0,0,HVRRY,USD,ADR,HANNOVER RUECKVERSICHER-ADR,2022-01-26,153902,US,97.100000,1.953,1.442,-1.451,2.448,6.458,14.572,4.521,1.097,-0.267,3.506,4.903,1050.06,0.593,23.028,23.512,21.107,25.629,49.822,50,true,,,9.64,8.25,10.49,77112.72,8.425,89.450,,,,,,883.07,883.07,3034.44,3216.47,12.76,23779.31,4.73,,false,Insurance,23419.96,61.46,18.25,4.80,31.21
BBG000C1FB75,0,ICE,USD,Common Stock,INTERCONTINENTAL EXCHANGE IN,2022-01-26,7004138,US,122.150000,-1.452,-2.778,-2.909,-10.078,-8.652,1.428,-10.689,-2.567,-6.811,-7.923,-5.452,3349.00,0.748,17.421,18.051,16.574,18.764,49.871,99,true,INCREASE,0.36,15.07,11.78,6.86,36201.00,22.554,155.222,1.13,0.84,3852.00,63.82,18.90,2089.00,2089.00,2471.00,11167.00,40.94,6036.00,50.25,4.48,false,Diversified Finan Serv,68819.84,32.02,23.79,13.41,86.81
BBG00PC1H1T6,0,IDNA,USD,ETP,ISHARES GEN-IMMUNOLOGY HLTH,2022-01-26,64816595,US,34.470000,-0.948,-0.920,-3.337,-24.308,-30.853,-29.441,-21.319,-1.923,-12.527,-20.580,-26.926,,1.015,31.240,31.433,27.459,30.713,49.770,92,true,,,,,,,,,,,,,,,,,,,,,,,,244.74,,,,
BBG006G063F9,0,INFO,USD,Common Stock,IHS MARKIT LTD,2022-01-26,40236661,US,112.180000,-0.647,-4.649,-5.866,-15.591,-12.530,-1.545,-15.603,-4.206,-10.107,-12.475,-10.555,1561.20,1.154,22.646,23.542,22.115,23.903,49.828,97,true,MAINTAIN,0.2,13.39,12.37,9.39,14988.60,31.591,134.571,1.16,4.14,2147.90,46.11,23.02,1206.80,1206.80,1191.90,973.50,25.59,4658.10,33.52,2.99,false,Commercial Services,44768.84,26.42,10.09,29.31,52.24
BBG000BWDVW8,0,IWV,USD,ETP,ISHARES RUSSELL 3000 ETF,2022-01-26,1414411,US,251.270000,-0.436,-1.168,-4.253,-8.828,-7.174,-3.982,-9.452,-2.163,-6.891,-7.556,-6.531,,0.992,14.203,17.440,13.173,15.278,49.887,100,true,CUT,0.805221,,,,,,,,,,,,,,,,,,,,,,11596.11,,,,
BBG00JRVTQX5,0,KARS,USD,ETP,KRANESHARES ELECTRIC VEHICLE,2022-01-26,58699585,US,42.160000,0.934,-3.058,-5.703,-10.661,-13.857,-4.636,-9.934,-2.888,-8.250,-11.968,-10.744,,1.091,21.937,28.900,25.645,27.683,49.725,89,true,INCREASE,0.557667,,,,,,,,,,,,,,,,,,,,,,324.63,,,,
BBG0019RG812,0,KBWD,USD,ETP,INVESCO KBW HIGH DIVIDEND YI,2022-01-26,22574562,US,19.700000,-0.253,-0.253,-3.289,-2.427,-7.250,-3.289,-2.860,-1.005,-3.656,-3.500,-4.504,,1.012,13.922,16.806,15.771,18.934,49.889,97,true,CUT,0.081523,,,,,,,,,,,,,,,,,,,,,,483.04,,,,
BBG000CTY4J6,0,KW,USD,Common Stock,KENNEDY-WILSON HOLDINGS INC,2022-01-26,12443014,US,21.940000,-1.349,-1.260,-3.476,-6.359,-2.920,9.865,-8.124,-1.632,-6.813,-5.105,-3.084,149.80,0.828,21.567,20.612,21.178,26.653,49.836,87,true,MAINTAIN,0.24,33.15,-10.99,1.63,7212.00,12.830,26.500,-0.11,-4.12,200.60,44.49,24.80,110.10,110.10,-276.80,843.10,-61.39,450.90,4.66,-1.98,false,Real Estate,3055.90,135.74,28.80,69.66,379.75
BBG00W0KZD98,0,LI,USD,ADR,LI AUTO INC - ADR,2022-01-26,68442261,US,25.090000,-1.337,-10.072,-14.252,-17.521,-24.154,-18.460,-21.838,-9.768,-15.267,-18.150,-16.748,-1120.36,1.503,41.161,61.760,65.823,80.102,49.473,89,true,,,-1.67,,-2.50,49060.37,,46.355,,0.02,-348.34,-3.68,,-151.66,-151.66,2464.62,-7935.21,26.06,9456.61,-7.08,5.67,,Auto Manufacturers,25914.40,,,5.81,7.09
BBG000F1ZSQ2,0,MA,USD,Common Stock,MASTERCARD INC - A,2022-01-26,1750153,US,344.660000,1.742,-2.935,-4.455,-4.415,-3.543,-12.256,-4.080,-2.528,-5.258,-1.685,-1.277,9267.00,1.199,27.542,27.950,28.644,30.432,49.819,97,true,MAINTAIN,0.49,129.50,105.23,39.83,20566.00,35.134,430.222,1.05,-1.75,8784.00,57.41,34.57,6411.00,6411.00,6885.00,10844.00,45.00,15301.00,52.81,6.87,false,Diversified Finan Serv,338648.23,25.04,17.38,40.27,211.59
BBG000F86GP6,0,MCO,USD,Common Stock,MOODY'S CORP,2022-01-26,359172,US,324.540000,-0.151,-5.069,-6.373,-18.305,-16.857,-14.548,-16.908,-4.708,-11.558,-15.087,-14.445,2782.00,1.160,33.273,26.954,21.545,22.803,49.775,90,true,INCREASE,0.68,107.00,167.35,25.92,9456.00,26.678,430.125,1.10,1.74,2699.00,50.25,20.90,1778.00,1778.00,2043.00,2731.00,38.04,5371.00,44.46,10.89,false,Commercial Services,60331.99,23.85,20.28,43.62,345.00
BBG000BVMG26,0,MKSI,USD,Common Stock,MKS INSTRUMENTS INC,2022-01-26,302946,US,157.850000,1.153,-0.423,-4.835,-6.686,10.718,-2.891,-9.370,-2.013,-7.892,-4.581,0.327,663.80,1.491,52.818,44.720,32.520,40.478,49.660,83,true,MAINTAIN,0.22,20.86,16.46,15.53,3776.50,13.350,218.275,1.07,4.70,582.20,24.99,11.25,350.10,350.10,428.30,371.50,18.38,2330.00,19.48,7.77,false,Semiconductors,8754.19,12.59,17.23,26.45,43.74
BBG000RTDY25,0,MSCI,USD,Common Stock,MSCI INC,2022-01-26,12429623,US,492.130000,-0.160,-1.735,-4.143,-19.491,-23.478,-14.546,-19.677,-2.743,-11.200,-17.612,-20.130,1026.22,1.599,30.307,30.031,27.443,29.437,49.772,88,true,MAINTAIN,1.04,,,24.00,4068.14,45.869,643.222,1.21,1.93,1004.31,59.24,37.64,601.82,601.82,789.28,1035.21,46.55,1695.39,52.19,9.43,false,Software,40574.50,41.12,12.30,84.36,
BBG000BPH459,0,MSFT,USD,Common Stock,MICROSOFT CORP,2022-01-26,101743,US,296.710000,2.849,0.230,-2.182,-11.348,-4.321,2.650,-11.777,-0.153,-6.073,-9.146,-6.226,78628.00,1.250,36.685,29.385,21.016,24.727,49.805,100,true,MAINTAIN,0.62,49.05,45.85,30.55,244645.00,30.190,374.223,1.03,1.83,83729.00,49.81,23.23,61271.00,61271.00,56118.00,52368.00,33.39,168088.00,41.59,7.44,true,Software,2224395.24,27.54,13.83,24.65,57.95
BBG000NRVRG3,0,MTEM,USD,Common Stock,MOLECULAR TEMPLATES INC,2022-01-26,8720266,US,2.970000,-6.309,-5.414,-11.078,-25.000,-46.196,-57.992,-24.235,-8.163,-19.479,-25.000,-41.525,-96.69,1.216,56.953,93.124,61.124,72.024,49.208,35,true,,,-129.31,-125.93,-83.34,120.18,,11.500,,-2.81,-94.41,-500.96,,-104.92,-104.92,-91.19,-96.37,-483.89,18.84,-535.11,-1.92,false,Biotechnology,167.23,,,20.98,49.46
BBG000F5VVB6,0,NDAQ,USD,Common Stock,NASDAQ INC,2022-01-26,966745,US,169.500000,-3.132,-4.194,-6.410,-17.486,-15.873,-9.154,-19.290,-4.701,-11.811,-15.193,-15.192,1434.00,1.007,17.270,24.267,20.861,22.123,49.835,94,true,INCREASE,0.61,18.63,18.59,9.68,12722.00,21.964,218.667,1.09,1.47,1517.00,52.26,19.60,1187.00,933.00,1064.00,3012.00,36.65,3420.00,42.51,6.47,false,Diversified Finan Serv,28344.13,34.30,22.62,33.24,92.90
BBG00LPXZB46,0,NIO,USD,ADR,NIO INC - ADR,2022-01-26,61454268,US,22.660000,-4.750,-17.148,-20.852,-25.754,-44.008,-47.510,-28.472,-15.302,-23.309,-31.626,-36.442,-2982.56,1.624,56.984,78.796,62.083,75.958,49.330,96,true,,,-60.94,,-8.61,47056.06,,58.625,,0.54,-3061.92,-18.83,,-5299.12,-5299.12,823.21,7899.23,5.06,16257.93,-28.34,0.70,false,Auto Manufacturers,36635.99,,,17.26,34.71
BBG003T1GM03,0,NRZ,USD,REIT,NEW RESIDENTIAL INVESTMENT,2022-01-26,33912106,US,10.550000,0.190,0.476,-2.855,-4.352,-8.816,10.703,-1.494,-0.566,-2.953,-3.785,-4.739,976.56,0.930,14.180,22.819,23.859,32.622,49.828,93,true,MAINTAIN,0.25,12.51,-24.23,2.25,15683.49,6.091,12.889,,,,,,-1410.36,-1410.36,1855.94,-7793.24,320.36,579.33,-111.52,4.47,false,REITS,4922.42,,,77.48,571.53
BBG00R4ZKPN5,0,NTCO,USD,ADR,NATURA &CO HOLDING-ADR,2022-01-26,65288904,US,8.710000,1.871,2.350,12.824,-4.180,-39.723,-62.441,-6.041,4.914,4.361,-5.697,-31.755,945.50,0.480,76.723,61.713,49.496,47.572,49.452,68,true,,,2.02,-0.03,2.56,43071.75,,28.000,-1.45,,3508.45,9.50,,-650.20,-650.20,611.42,-7256.84,1.66,36921.98,2.14,,false,Cosmetics/Personal Care,6008.09,,,29.03,64.61
BBG000BBJQV0,0,NVDA,USD,Common Stock,NVIDIA CORP,2022-01-26,313657,US,227.720000,2.007,-2.576,-9.155,-23.171,-7.869,18.026,-22.573,-3.743,-16.076,-22.030,-13.168,8578.00,2.451,43.215,53.884,45.363,45.778,49.681,100,true,MAINTAIN,0.04,41.95,34.91,28.62,34880.00,45.571,345.249,1.04,1.12,5775.00,34.63,56.77,4332.00,4332.00,4694.00,4694.00,28.15,16675.00,27.18,1.90,false,Semiconductors,569300.00,9.12,1.75,26.81,45.69
BBG000H1RYG7,0,PEGA,USD,Common Stock,PEGASYSTEMS INC,2022-01-26,171977,US,92.830000,-2.612,0.836,-3.773,-15.961,-27.437,-32.062,-16.983,-2.839,-9.209,-14.693,-21.588,-68.47,1.494,51.065,57.212,33.949,35.171,49.536,77,true,MAINTAIN,0.03,-4.41,-6.99,-1.11,1386.93,178.519,151.765,,,-100.87,-9.91,,-61.37,-61.37,-25.93,522.17,-2.55,1017.52,-14.11,-0.32,false,Software,7581.92,,,37.14,109.89
BBG000CGC1X8,0,QCOM,USD,Common Stock,QUALCOMM INC,2022-01-26,106370,US,167.000000,0.937,1.255,-3.172,-8.613,26.573,16.376,-8.678,-0.527,-7.358,-7.344,5.318,9789.00,1.521,47.045,39.473,31.856,36.370,49.709,98,true,INCREASE,0.71,112.83,98.64,34.05,26371.00,15.624,203.961,1.06,1.32,11574.00,34.48,16.57,9043.00,9043.00,8648.00,8649.00,25.76,33566.00,29.16,7.65,false,Semiconductors,187888.62,33.26,11.98,39.52,163.81
BBG000BSWKH7,0,QQQ,USD,ETP,INVESCO QQQ TRUST SERIES 1,2022-01-26,823354,US,344.570000,-0.156,-2.025,-5.978,-13.189,-9.113,-6.491,-13.392,-3.118,-9.413,-11.316,-9.731,,0.977,21.716,24.425,16.824,21.118,49.839,100,true,CUT,0.474106,,,,,,,,,,,,,,,,,,,,,,183001.12,,,,
BBG000BPWTW7,0,RIGL,USD,Common Stock,RIGEL PHARMACEUTICALS INC,2022-01-26,1176875,US,2.390000,-1.646,-1.646,4.825,-15.845,-25.313,-41.422,-9.811,0.759,-4.400,-8.779,-22.671,-10.57,1.050,69.551,65.084,49.592,57.414,49.460,53,true,,,-28.84,-67.72,-16.79,62.56,,7.833,,0.70,-22.91,-21.09,,-29.74,-29.74,-53.45,-43.47,-49.21,108.62,-26.67,-0.32,false,Biotechnology,408.70,,,17.46,56.64
BBG000BDSLD7,0,SAP,USD,ADR,SAP SE-SPONSORED ADR,2022-01-26,118412,US,132.280000,-0.030,-2.592,-3.297,-5.568,-9.229,-4.601,-5.588,-2.108,-4.237,-3.486,-5.560,5848.00,0.874,24.959,19.819,22.086,33.108,49.844,98,true,CUT,2.20116,17.73,18.35,9.10,51493.00,22.755,165.333,1.04,,8454.00,30.92,,5145.00,5145.00,6379.00,5791.00,23.33,27840.00,16.74,,false,Software,162506.54,44.18,26.83,27.17,53.45
BBG0025RWKW5,0,SCHD,USD,ETP,SCHWAB US DVD EQUITY ETF,2022-01-26,27885646,US,77.410000,-0.795,-0.322,-3.031,-2.751,-0.731,1.855,-4.231,-1.316,-3.963,-2.266,-0.670,,0.984,11.134,12.300,11.917,15.565,49.920,100,true,CUT,0.548054,,,,,,,,,,,,,,,,,,,,,,31440.07,,,,
BBG001QVTV19,0,SDIV,USD,ETP,GLOBAL X SUPERDIVIDEND ETF,2022-01-26,25561008,US,12.230000,-0.650,-1.371,-2.472,-1.212,-8.114,-9.407,-0.326,-1.450,-1.724,-1.596,-4.802,,0.983,11.061,13.908,13.453,14.570,49.899,98,true,CUT,0.02834,,,,,,,,,,,,,,,,,,,,,,916.76,,,,
BBG00GQK3WB5,0,SMAR,USD,Common Stock,SMARTSHEET INC-CLASS A,2022-01-26,53740799,US,54.770000,-2.579,-4.880,-7.091,-30.662,-23.065,-26.365,-29.283,-5.637,-17.422,-19.887,-21.457,-146.94,1.997,46.764,55.256,49.635,53.316,49.583,83,true,,,-28.19,-24.57,-24.49,598.14,,92.067,,,-87.63,-22.73,,-114.98,-114.98,-19.82,-135.92,-5.14,385.51,-31.25,-0.16,false,Software,6942.22,,,9.76,16.89
BBG000BSFRF3,0,SNPS,USD,Common Stock,SYNOPSYS INC,2022-01-26,106918,US,288.560000,-1.063,-4.863,-7.554,-21.191,-12.032,1.645,-21.693,-5.416,-14.058,-16.603,-13.370,734.79,1.744,35.471,38.839,29.676,32.917,49.722,89,true,,,14.85,12.45,11.85,6042.83,36.948,388.733,1.00,1.31,1097.01,26.09,39.53,757.52,757.52,1398.86,1370.80,33.27,4204.19,17.48,9.16,false,Software,44276.17,0.0,6.10,7.62,12.59
BBG000BT7ZK6,0,SONY,USD,ADR,SONY GROUP CORP - SP ADR,2022-01-26,101365,US,110.030000,0.100,-1.433,-0.009,-11.166,-5.578,10.817,-12.951,-1.009,-9.632,-9.975,-6.566,987315.00,1.087,49.948,37.987,27.180,28.508,49.683,91,true,CUT,0.262352,13.59,21.13,7.88,10965310.00,12.558,150.560,1.01,1.66,1429124.00,15.88,,1171776.00,1171776.00,837911.00,1517993.00,9.31,8999360.00,10.67,,false,Home Furnishings,138756.83,5.80,0.08,9.32,44.06
BBG001C7TST4,0,SPLK,USD,Common Stock,SPLUNK INC,2022-01-26,20820587,US,113.120000,-2.692,-1.874,-4.765,-2.415,-32.417,-20.124,-2.247,-4.087,-3.605,-5.592,-18.279,-1154.74,1.438,47.952,39.814,45.876,48.693,49.696,93,true,,,-149.73,-48.22,-31.18,3480.84,,164.758,,-31.27,-604.69,-27.12,,-907.98,-907.98,-242.57,335.04,-10.88,2229.39,-35.00,-1.52,false,Software,17962.01,,,46.01,169.38
BBG000BDTBL9,0,SPY,USD,ETP,SPDR S&P 500 ETF TRUST,2022-01-26,7276839,US,433.380000,-0.251,-1.050,-4.066,-7.909,-4.952,-1.732,-8.754,-1.985,-6.458,-6.665,-4.970,,0.987,13.276,16.410,12.757,14.873,49.897,100,true,CUT,1.398185,,,,,,,,,,,,,,,,,,,,,,404920.84,,,,
BBG000QN82F1,0,SUSA,USD,ETP,ISHARES MSCI USA ESG SELECT,2022-01-26,9318709,US,95.250000,-0.595,-1.408,-4.194,-9.242,-6.964,-3.182,-10.353,-2.231,-7.176,-7.929,-6.589,,0.997,12.319,16.854,13.425,15.311,49.898,99,true,INCREASE,0.339026,,,,,,,,,,,,,,,,,,,,,,3995.74,,,,
BBG00KXH5WT4,0,TAN,USD,ETP,INVESCO SOLAR ETF,2022-01-26,60388999,US,62.490000,0.192,-1.961,-6.648,-19.792,-30.327,-24.043,-18.813,-3.702,-12.068,-22.459,-25.472,,1.111,35.077,43.732,38.274,48.018,49.704,97,true,INCREASE,0.451922,,,,,,,,,,,,,,,,,,,,,,2005.18,,,,
BBG000N9MNX3,0,TSLA,USD,Common Stock,TESLA INC,2022-01-26,11948451,US,937.410000,2.070,-0.688,-5.849,-12.145,-7.955,42.546,-11.296,-2.031,-10.534,-10.277,-2.503,4498.00,1.799,48.949,68.810,49.964,63.674,49.466,98,true,,,16.08,5.43,10.77,38620.00,90.101,953.606,1.60,,4767.00,15.12,130.74,721.00,721.00,2786.00,298.00,8.83,53823.00,6.32,2.99,false,Auto Manufacturers,941407.91,0.0,25.30,25.37,59.52
BBG000PSKYX7,0,V,USD,Common Stock,VISA INC-CLASS A SHARES,2022-01-26,13561981,US,205.870000,1.916,-0.029,-4.104,-4.963,-11.194,-17.734,-5.002,-0.911,-4.194,-1.929,-4.988,15804.00,0.981,26.659,22.982,24.092,24.988,49.835,100,true,MAINTAIN,0.375,37.51,39.30,18.74,63857.00,29.235,270.117,1.03,1.18,16719.00,69.36,27.14,12311.00,12311.00,14522.00,9516.00,60.24,24105.00,65.56,7.46,false,Diversified Finan Serv,448391.60,21.10,23.36,26.09,62.66
BBG000P5G869,0,VIG,USD,ETP,VANGUARD DIVIDEND APPREC ETF,2022-01-26,10689320,US,158.390000,-0.340,-0.876,-2.959,-6.184,-3.708,-0.615,-7.779,-1.513,-5.391,-5.266,-3.332,,1.016,9.802,12.958,11.575,13.261,49.925,100,true,CUT,0.674366,,,,,,,,,,,,,,,,,,,,,,63742.96,,,,
BBG006LGV869,0,VKTX,USD,Common Stock,VIKING THERAPEUTICS INC,2022-01-26,40558742,US,3.530000,-0.563,-7.349,-12.189,-31.853,-39.658,-37.300,-23.261,-6.564,-17.000,-27.168,-36.531,-54.44,1.099,47.254,58.778,47.829,51.802,49.569,59,true,,,-22.95,-15.16,-23.21,213.24,,19.556,,,,,,-39.49,-39.49,-21.78,-21.78,,0.0,,-0.30,false,Biotechnology,276.17,,,0.14,0.15
BBG0015VYNT4,0,VOO,USD,ETP,VANGUARD S&P 500 ETF,2022-01-26,20781712,US,398.560000,-0.225,-1.026,-4.038,-7.877,-4.912,-1.690,-8.707,-1.959,-6.431,-6.655,-4.974,,0.984,13.232,16.399,12.688,14.844,49.897,100,true,CUT,1.266984,,,,,,,,,,,,,,,,,,,,,,257135.56,,,,
BBG000HR9779,0,VTI,USD,ETP,VANGUARD TOTAL STOCK MKT ETF,2022-01-26,7330368,US,218.370000,-0.388,-1.150,-4.236,-9.266,-7.357,-4.190,-9.555,-2.152,-6.941,-7.754,-6.750,,0.993,14.524,17.415,13.317,15.358,49.888,100,true,CUT,0.580042,,,,,,,,,,,,,,,,,,,,,,273645.94,,,,
BBG000MQQ963,0,XBI,USD,ETP,SPDR S&P BIOTECH ETF,2022-01-26,10466123,US,89.590000,-1.959,-0.489,-4.182,-24.218,-27.756,-27.878,-19.980,-2.405,-12.642,-19.148,-24.957,,0.959,41.471,41.468,30.280,32.957,49.708,100,true,INCREASE,0.024896,,,,,,,,,,,,,,,,,,,,,,6060.76,,,,
BBG000BJ7007,0,XLK,USD,ETP,TECHNOLOGY SELECT SECT SPDR,2022-01-26,383181,US,152.430000,0.587,-1.231,-4.445,-11.860,-4.361,-1.301,-12.331,-2.035,-8.275,-9.462,-6.359,,0.992,22.669,25.274,18.113,21.824,49.847,100,true,INCREASE,0.341568,,,,,,,,,,,,,,,,,,,,,,44998.23,,,,
BBG00QVJYGM9,0,XP,USD,Common Stock,XP INC - CLASS A,2022-01-26,66504157,US,31.560000,2.434,6.298,8.603,5.764,-6.600,-25.053,9.812,5.277,9.547,6.856,-8.958,-1607.24,1.281,64.761,55.292,46.597,47.780,49.543,87,true,,,28.97,23.07,-12.00,41270.67,25.576,45.167,,,-518.63,-10.34,,2076.43,2076.43,1365.56,747.98,27.22,5016.49,-13.19,3.86,,Diversified Finan Serv,17659.36,0.0,14.04,1.08,9.51
BBG00WKJG3M7,0,XPEV,USD,ADR,XPENG INC - ADR,2022-01-26,68626118,US,37.300000,-1.868,-10.787,-14.840,-19.071,-17.733,-8.466,-25.889,-10.431,-18.408,-19.929,-14.538,-5270.91,1.631,64.031,76.891,68.126,94.431,49.386,90,true,,,-13.71,,-14.77,46216.74,,64.066,,,-3855.80,-65.98,,-2731.99,-2731.99,-1076.09,-11097.12,-18.41,5844.32,-73.47,-1.43,,Auto Manufacturers,31920.51,,,5.12,6.65
BBG001HRFJG4,0,ZEN,USD,Common Stock,ZENDESK INC,2022-01-26,23889453,US,92.030000,-1.803,-2.860,-5.678,-10.953,-26.347,-38.712,-11.756,-4.033,-7.711,-7.915,-15.252,-173.40,0.808,31.015,33.805,41.366,40.420,49.722,88,true,,,-51.61,-38.29,-11.80,1665.96,114.323,134.706,,0.17,-89.90,-8.73,,-218.18,-218.18,-12.10,986.92,-1.17,1029.56,-15.14,-0.10,false,Internet,11190.44,,,54.55,272.51
BBG000NV40T9,0,NORW,USD,ETP,GLOBAL X MSCI NORWAY ETF,2022-01-26,16789169,US,29.458300,0.954,-1.230,-4.294,-3.573,-11.079,0.004,-3.415,-1.441,-3.752,-2.907,-4.813,,0.744,17.788,20.766,21.263,23.369,49.857,88,true,INCREASE,0.702271,,,,,,,,,,,,,,,,,,,,,,71.47,,,,
